id,y
1,71.34112
12,109.30903
23,115.21953
28,92.00675
42,87.73572
43,129.79876
45,99.55671
57,116.02167
88,90.33211
89,130.55165
93,105.79792
94,103.04672
437,85.9696
3977,132.08556
